seed_id	source_campaign	source_artifact	source_commit	SUT_revision	current_or_historical	runtime_or_replay	mechanism	source_route	target_or_retained_route	lifecycle_sequence	public_trigger	source_evidence_status	setpoint_level	health_behavior	setpoint_behavior	expected_successor	expected_fallback	adapter	realism_level	accepted_source_evidence	route_oracle_applicable	freshness_oracle_applicable	successor_oracle_applicable	applicable_oracles	allowed_variations	prohibited_variations	inclusion_status	exclusion_reason	integrity_status
P0_A_OFFBOARD_ADMISSION	P0	data/processed/p0_phase_a2/p0a_offboard_r4_20260717/route_oracle.json	e7718e2de6b7ada4472fcbc1fc428cb84da39e92	4ae21a5e569d3d89c2f6366688cbacb3e93437c9	CURRENT	RUNTIME	Legacy_Offboard	PX4_INTERNAL_HOLD	LEGACY_OFFBOARD	internal_hold_to_Offboard_activation	public_Offboard_mode_request	P0_accepted_official_flow	TRAJECTORY	OFFBOARD_HEARTBEAT_ALIVE	ACTIVE	NONE	INTERNAL_HOLD	offboard_adapter	R1	experiments/motivation/phase_a2_measurement_gate.json	true	false	false	ROUTE	TM_EVENT_RELATIVE_TIMING|TM_UPDATE_INTERVAL|MC_HOVER|MC_LOW_SPEED_TRANSLATION	SESSION_ROLLOVER|DIRECT_ACTUATOR	ACCEPTED_RUNTIME_SEED	NONE	PASS
P0_B_DYNAMIC_ADMISSION	P0	data/processed/p0_phase_a2/p0b_external_r1_20260717/route_oracle.json	e7718e2de6b7ada4472fcbc1fc428cb84da39e92	4ae21a5e569d3d89c2f6366688cbacb3e93437c9	CURRENT	RUNTIME	Dynamic_External_Mode	PX4_INTERNAL_HOLD	DYNAMIC_EXTERNAL_MODE	register_activate_external	supported_GCS_external_mode_request	P0_accepted_official_flow	TRAJECTORY	HEALTH_ALIVE	ACTIVE	NONE	INTERNAL_HOLD	external_mode_adapter	R1	experiments/motivation/phase_a2_measurement_gate.json	true	false	false	ROUTE	TM_EVENT_RELATIVE_TIMING|TM_UPDATE_INTERVAL|MC_HOVER|MC_LOW_SPEED_TRANSLATION	CONSTRUCTOR_GUARD_BYPASS|SESSION_ROLLOVER	ACCEPTED_RUNTIME_SEED	NONE	PASS
P0_C_EXECUTOR_COMPLETION	P0	data/processed/p0_phase_a2/p0c_executor_r1_20260717/route_oracle.json	e7718e2de6b7ada4472fcbc1fc428cb84da39e92	4ae21a5e569d3d89c2f6366688cbacb3e93437c9	CURRENT	RUNTIME	Mode_Executor	DYNAMIC_EXTERNAL_MODE	INTERNAL_LAND	activate_complete_successor_land	ModeBase_completed_success	P0_accepted_official_flow	TRAJECTORY	HEALTH_ALIVE	ACTIVE	INTERNAL_LAND	INTERNAL_LAND	external_mode_adapter	R1	experiments/motivation/phase_a2_measurement_gate.json	true	false	true	ROUTE|SUCCESSOR	TM_COMPLETION_MANUAL_ORDER|EO_COMPLETION_VS_MANUAL_TAKEOVER|MC_HOVER	UNSUPPORTED_REPLACEMENT_EXECUTOR_COMPOSITION	ACCEPTED_RUNTIME_SEED	NONE	PASS
P0D0_INTERNAL_REARM	P0D	data/processed/p0d0/p0d0_internal_rearm_r4_20260717/route_oracle.json	e7718e2de6b7ada4472fcbc1fc428cb84da39e92	4ae21a5e569d3d89c2f6366688cbacb3e93437c9	CURRENT	RUNTIME	PX4_internal_route	INTERNAL_LAND	PX4_INTERNAL_HOLD	land_disarm_rearm_takeoff	public_arm_and_takeoff	P0D0_accepted_internal_rearm	INTERNAL	NOT_APPLICABLE	NOT_APPLICABLE	INTERNAL_HOLD	INTERNAL_LAND	public_vehicle_command	R1	experiments/motivation/phase_a2_reentry_gate.json	true	false	false	ROUTE	MC_HOVER	EXTERNAL_SESSION_MUTATION|DIRECT_STATE_WRITE	ACCEPTED_RUNTIME_SEED	NONE	PASS
P0D1_REGISTRATION_RELEASE	P0D	data/processed/p0d1/p0d1_lifecycle_r2_20260717/registration_lifecycle_result.json	e7718e2de6b7ada4472fcbc1fc428cb84da39e92	4ae21a5e569d3d89c2f6366688cbacb3e93437c9	CURRENT	RUNTIME	Dynamic_External_Mode	DYNAMIC_EXTERNAL_MODE	PX4_INTERNAL_HOLD	activate_release_unregister_slot_removed	supported_release_and_unregister	P0D1_accepted_registration_lifecycle	TRAJECTORY	HEALTH_ALIVE_THEN_STOPPED	ACTIVE_THEN_STOPPED	NONE	INTERNAL_HOLD	external_mode_adapter	R1	experiments/motivation/phase_a2_reentry_gate.json	true	false	false	ROUTE	TM_LEGAL_SHORT_DELAY|PF_HEALTH_STOP	SESSION_ROLLOVER|FORGED_REGISTRATION	ACCEPTED_RUNTIME_SEED	NONE	PASS
P0D2_CLEAN_REENTRY	P0D	data/processed/p0d2/p0d2_full_reentry_r3_20260717/reentry_result.json	e7718e2de6b7ada4472fcbc1fc428cb84da39e92	4ae21a5e569d3d89c2f6366688cbacb3e93437c9	CURRENT	RUNTIME	Dynamic_External_Mode	PX4_INTERNAL_HOLD	DYNAMIC_EXTERNAL_MODE	activate_release_internal_clean_reactivate	fresh_supported_activation_request	P0D2_accepted_clean_reentry	TRAJECTORY	HEALTH_ALIVE	ACTIVE	NONE	INTERNAL_HOLD	external_mode_adapter	R1	experiments/motivation/phase_a2_reentry_gate.json	true	false	false	ROUTE	TM_EVENT_RELATIVE_TIMING|TM_LEGAL_SHORT_DELAY|MC_HOVER	PRODUCER_SESSION_ROLLOVER|DELAYED_OLD_SESSION_PACKET	ACCEPTED_RUNTIME_SEED	NONE	PASS
P2_OFFBOARD_SIGTERM	P2	experiments/probes/p2/experiment_matrix.tsv	e7718e2de6b7ada4472fcbc1fc428cb84da39e92	4ae21a5e569d3d89c2f6366688cbacb3e93437c9	CURRENT	RUNTIME	Legacy_Offboard	LEGACY_OFFBOARD	INTERNAL_HOLD	active_process_SIGTERM_fallback	SIGTERM_owned_producer	P2_accepted_process_loss	TRAJECTORY	HEARTBEAT_STOPS	STOPS	NONE	INTERNAL_HOLD	offboard_adapter	R3	docs/motivation/P2_PROCESS_LOSS_REPORT.md	true	true	false	ROUTE|FRESHNESS	TM_PROCESS_STOP_TIMING|PF_PROCESS_SIGTERM|MC_HOVER	PROCESS_RESTART|SESSION_ROLLOVER	ACCEPTED_RUNTIME_SEED	NONE	PASS
P2_OFFBOARD_SIGKILL	P2	experiments/probes/p2/experiment_matrix.tsv	e7718e2de6b7ada4472fcbc1fc428cb84da39e92	4ae21a5e569d3d89c2f6366688cbacb3e93437c9	CURRENT	RUNTIME	Legacy_Offboard	LEGACY_OFFBOARD	INTERNAL_HOLD	active_process_SIGKILL_fallback	SIGKILL_owned_producer	P2_accepted_process_loss	TRAJECTORY	HEARTBEAT_STOPS	STOPS	NONE	INTERNAL_HOLD	offboard_adapter	R3	docs/motivation/P2_PROCESS_LOSS_REPORT.md	true	true	false	ROUTE|FRESHNESS	TM_PROCESS_STOP_TIMING|PF_PROCESS_SIGKILL|MC_HOVER	PROCESS_RESTART|SESSION_ROLLOVER	ACCEPTED_RUNTIME_SEED	NONE	PASS
P2_OFFBOARD_PAUSE	P2	experiments/probes/p2/experiment_matrix.tsv	e7718e2de6b7ada4472fcbc1fc428cb84da39e92	4ae21a5e569d3d89c2f6366688cbacb3e93437c9	CURRENT	RUNTIME	Legacy_Offboard	LEGACY_OFFBOARD	INTERNAL_HOLD	active_SIGSTOP_2s_SIGCONT_fallback	SIGSTOP_SIGCONT_owned_producer	P2_accepted_process_loss	TRAJECTORY	HEARTBEAT_PAUSED	PAUSED	NONE	INTERNAL_HOLD	offboard_adapter	R3	docs/motivation/P2_PROCESS_LOSS_REPORT.md	true	true	false	ROUTE|FRESHNESS	PF_PROCESS_PAUSE|TM_EVENT_RELATIVE_TIMING|MC_HOVER	UNBOUNDED_PAUSE|SESSION_ROLLOVER	ACCEPTED_RUNTIME_SEED	NONE	PASS
P2_DYNAMIC_SIGTERM	P2	experiments/probes/p2/experiment_matrix.tsv	e7718e2de6b7ada4472fcbc1fc428cb84da39e92	4ae21a5e569d3d89c2f6366688cbacb3e93437c9	CURRENT	RUNTIME	Dynamic_External_Mode	DYNAMIC_EXTERNAL_MODE	INTERNAL_RTL	active_process_SIGTERM_fallback	SIGTERM_owned_producer	P2_accepted_process_loss	TRAJECTORY	HEALTH_STOPS	STOPS	NONE	INTERNAL_RTL	external_mode_adapter	R3	docs/motivation/P2_PROCESS_LOSS_REPORT.md	true	true	false	ROUTE|FRESHNESS	TM_PROCESS_STOP_TIMING|PF_PROCESS_SIGTERM|MC_HOVER	PROCESS_RESTART|SESSION_ROLLOVER	ACCEPTED_RUNTIME_SEED	NONE	PASS
P2_DYNAMIC_SIGKILL	P2	experiments/probes/p2/experiment_matrix.tsv	e7718e2de6b7ada4472fcbc1fc428cb84da39e92	4ae21a5e569d3d89c2f6366688cbacb3e93437c9	CURRENT	RUNTIME	Dynamic_External_Mode	DYNAMIC_EXTERNAL_MODE	INTERNAL_RTL	active_process_SIGKILL_fallback	SIGKILL_owned_producer	P2_accepted_process_loss	TRAJECTORY	HEALTH_STOPS	STOPS	NONE	INTERNAL_RTL	external_mode_adapter	R3	docs/motivation/P2_PROCESS_LOSS_REPORT.md	true	true	false	ROUTE|FRESHNESS	TM_PROCESS_STOP_TIMING|PF_PROCESS_SIGKILL|MC_HOVER	PROCESS_RESTART|SESSION_ROLLOVER	ACCEPTED_RUNTIME_SEED	NONE	PASS
P2_DYNAMIC_PAUSE	P2	experiments/probes/p2/experiment_matrix.tsv	e7718e2de6b7ada4472fcbc1fc428cb84da39e92	4ae21a5e569d3d89c2f6366688cbacb3e93437c9	CURRENT	RUNTIME	Dynamic_External_Mode	DYNAMIC_EXTERNAL_MODE	INTERNAL_RTL	active_SIGSTOP_2s_SIGCONT_fallback	SIGSTOP_SIGCONT_owned_producer	P2_accepted_process_loss	TRAJECTORY	HEALTH_PAUSED	PAUSED	NONE	INTERNAL_RTL	external_mode_adapter	R3	docs/motivation/P2_PROCESS_LOSS_REPORT.md	true	true	false	ROUTE|FRESHNESS	PF_PROCESS_PAUSE|TM_EVENT_RELATIVE_TIMING|MC_HOVER	UNBOUNDED_PAUSE|SESSION_ROLLOVER	ACCEPTED_RUNTIME_SEED	NONE	PASS
P3_OFFBOARD_H0_S0	P3	experiments/probes/p3/experiment_matrix.tsv	e7718e2de6b7ada4472fcbc1fc428cb84da39e92	4ae21a5e569d3d89c2f6366688cbacb3e93437c9	CURRENT	RUNTIME	Legacy_Offboard	LEGACY_OFFBOARD	INTERNAL_HOLD	heartbeat_off_setpoint_off_fallback	public_channel_disable	P3_accepted_channel_matrix	TRAJECTORY	OFF	STOPPED	NONE	INTERNAL_HOLD	offboard_adapter	R2	docs/motivation/P3_HEARTBEAT_SETPOINT_DECOUPLING_REPORT.md	true	true	false	ROUTE|FRESHNESS	TM_HEALTH_SETPOINT_STOP_ORDER|PF_HEALTH_STOP	ARBITRARY_MESSAGE_INJECTION	ACCEPTED_RUNTIME_SEED	NONE	PASS
P3_OFFBOARD_H0_S1	P3	experiments/probes/p3/experiment_matrix.tsv	e7718e2de6b7ada4472fcbc1fc428cb84da39e92	4ae21a5e569d3d89c2f6366688cbacb3e93437c9	CURRENT	RUNTIME	Legacy_Offboard	LEGACY_OFFBOARD	INTERNAL_HOLD	heartbeat_off_setpoint_continues_fallback	public_channel_disable	P3_accepted_channel_matrix	TRAJECTORY	OFF	ACTIVE	NONE	INTERNAL_HOLD	offboard_adapter	R2	docs/motivation/P3_HEARTBEAT_SETPOINT_DECOUPLING_REPORT.md	true	true	false	ROUTE|FRESHNESS	PF_HEALTH_STOP_SETPOINT_CONTINUE|TM_HEALTH_SETPOINT_STOP_ORDER	ARBITRARY_MESSAGE_INJECTION	ACCEPTED_RUNTIME_SEED	NONE	PASS
P3_OFFBOARD_H1_S0	P3	experiments/probes/p3/experiment_matrix.tsv	e7718e2de6b7ada4472fcbc1fc428cb84da39e92	4ae21a5e569d3d89c2f6366688cbacb3e93437c9	CURRENT	RUNTIME	Legacy_Offboard	LEGACY_OFFBOARD	LEGACY_OFFBOARD	heartbeat_alive_setpoint_stopped_retained	public_setpoint_channel_disable	P3_accepted_channel_matrix	TRAJECTORY	ALIVE	STOPPED	NONE	NONE	offboard_adapter	R2	docs/motivation/P3_HEARTBEAT_SETPOINT_DECOUPLING_REPORT.md	true	true	false	ROUTE|FRESHNESS	PF_HEALTH_ALIVE_SETPOINT_STOP|TM_UPDATE_INTERVAL	UNBOUNDED_STALL	ACCEPTED_RUNTIME_SEED	NONE	PASS
P3_OFFBOARD_H1_S1	P3	experiments/probes/p3/experiment_matrix.tsv	e7718e2de6b7ada4472fcbc1fc428cb84da39e92	4ae21a5e569d3d89c2f6366688cbacb3e93437c9	CURRENT	RUNTIME	Legacy_Offboard	LEGACY_OFFBOARD	LEGACY_OFFBOARD	heartbeat_alive_setpoint_active_retained	official_retained_sequence	P3_accepted_channel_matrix	TRAJECTORY	ALIVE	ACTIVE	NONE	NONE	offboard_adapter	R1	docs/motivation/P3_HEARTBEAT_SETPOINT_DECOUPLING_REPORT.md	true	false	false	ROUTE	TM_UPDATE_INTERVAL|MC_HOVER	FAULT_COMPOSITION	ACCEPTED_RUNTIME_SEED	NONE	PASS
P3_DYNAMIC_H0_S0	P3	experiments/probes/p3/experiment_matrix.tsv	e7718e2de6b7ada4472fcbc1fc428cb84da39e92	4ae21a5e569d3d89c2f6366688cbacb3e93437c9	CURRENT	RUNTIME	Dynamic_External_Mode	DYNAMIC_EXTERNAL_MODE	INTERNAL_RTL	health_off_setpoint_off_fallback	public_channel_disable	P3_accepted_channel_matrix	TRAJECTORY	OFF	STOPPED	NONE	INTERNAL_RTL	external_mode_adapter	R2	docs/motivation/P3_HEARTBEAT_SETPOINT_DECOUPLING_REPORT.md	true	true	false	ROUTE|FRESHNESS	TM_HEALTH_SETPOINT_STOP_ORDER|PF_HEALTH_STOP	DIRECT_HEALTH_STATE_WRITE	ACCEPTED_RUNTIME_SEED	NONE	PASS
P3_DYNAMIC_H0_S1	P3	experiments/probes/p3/experiment_matrix.tsv	e7718e2de6b7ada4472fcbc1fc428cb84da39e92	4ae21a5e569d3d89c2f6366688cbacb3e93437c9	CURRENT	RUNTIME	Dynamic_External_Mode	DYNAMIC_EXTERNAL_MODE	INTERNAL_RTL	health_off_setpoint_continues_fallback	public_channel_disable	P3_accepted_channel_matrix	TRAJECTORY	OFF	ACTIVE	NONE	INTERNAL_RTL	external_mode_adapter	R2	docs/motivation/P3_HEARTBEAT_SETPOINT_DECOUPLING_REPORT.md	true	true	false	ROUTE|FRESHNESS	PF_HEALTH_STOP_SETPOINT_CONTINUE|TM_HEALTH_SETPOINT_STOP_ORDER	DIRECT_HEALTH_STATE_WRITE	ACCEPTED_RUNTIME_SEED	NONE	PASS
P3_DYNAMIC_H1_S0	P3	experiments/probes/p3/experiment_matrix.tsv	e7718e2de6b7ada4472fcbc1fc428cb84da39e92	4ae21a5e569d3d89c2f6366688cbacb3e93437c9	CURRENT	RUNTIME	Dynamic_External_Mode	DYNAMIC_EXTERNAL_MODE	DYNAMIC_EXTERNAL_MODE	health_alive_setpoint_stopped_retained	public_setpoint_channel_disable	P3_accepted_channel_matrix	TRAJECTORY	ALIVE	STOPPED	NONE	NONE	external_mode_adapter	R2	docs/motivation/P3_HEARTBEAT_SETPOINT_DECOUPLING_REPORT.md	true	true	false	ROUTE|FRESHNESS	PF_HEALTH_ALIVE_SETPOINT_STOP|TM_UPDATE_INTERVAL	UNBOUNDED_STALL	ACCEPTED_RUNTIME_SEED	NONE	PASS
P3_DYNAMIC_H1_S1	P3	experiments/probes/p3/experiment_matrix.tsv	e7718e2de6b7ada4472fcbc1fc428cb84da39e92	4ae21a5e569d3d89c2f6366688cbacb3e93437c9	CURRENT	RUNTIME	Dynamic_External_Mode	DYNAMIC_EXTERNAL_MODE	DYNAMIC_EXTERNAL_MODE	health_alive_setpoint_active_retained	official_retained_sequence	P3_accepted_channel_matrix	TRAJECTORY	ALIVE	ACTIVE	NONE	NONE	external_mode_adapter	R1	docs/motivation/P3_HEARTBEAT_SETPOINT_DECOUPLING_REPORT.md	true	false	false	ROUTE	TM_UPDATE_INTERVAL|MC_HOVER	FAULT_COMPOSITION	ACCEPTED_RUNTIME_SEED	NONE	PASS
P5_T1_OFFBOARD	P5	experiments/probes/p5/scenario_matrix_adaptive.yaml	75a5217e0e0bfab232d03c30dcc22088aa16624d	4ae21a5e569d3d89c2f6366688cbacb3e93437c9	CURRENT	RUNTIME	Legacy_Offboard	PX4_INTERNAL_HOLD	LEGACY_OFFBOARD	admission_hover	public_Offboard_activation	P5_accepted_matched_cell_T1	TRAJECTORY	ALIVE	ACTIVE	NONE	INTERNAL_HOLD	offboard_adapter	R1	experiments/probes/p5/p5_v6_differential_gate.json	true	false	false	ROUTE	TM_EVENT_RELATIVE_TIMING|MC_HOVER	ROUTE_PAIR_EXPANSION	ACCEPTED_RUNTIME_SEED	NONE	PASS
P5_T1_DYNAMIC	P5	experiments/probes/p5/scenario_matrix_adaptive.yaml	75a5217e0e0bfab232d03c30dcc22088aa16624d	4ae21a5e569d3d89c2f6366688cbacb3e93437c9	CURRENT	RUNTIME	Dynamic_External_Mode	PX4_INTERNAL_HOLD	DYNAMIC_EXTERNAL_MODE	admission_hover	public_external_activation	P5_accepted_matched_cell_T1	TRAJECTORY	ALIVE	ACTIVE	NONE	INTERNAL_HOLD	external_mode_adapter	R1	experiments/probes/p5/p5_v6_differential_gate.json	true	false	false	ROUTE	TM_EVENT_RELATIVE_TIMING|MC_HOVER	ROUTE_PAIR_EXPANSION	ACCEPTED_RUNTIME_SEED	NONE	PASS
P5_T2_OFFBOARD	P5	experiments/probes/p5/scenario_matrix_adaptive.yaml	75a5217e0e0bfab232d03c30dcc22088aa16624d	4ae21a5e569d3d89c2f6366688cbacb3e93437c9	CURRENT	RUNTIME	Legacy_Offboard	LEGACY_OFFBOARD	INTERNAL_HOLD	completion_hold_straight	public_completion_or_Hold	P5_accepted_matched_cell_T2	TRAJECTORY	ALIVE	ACTIVE	NONE	INTERNAL_HOLD	offboard_adapter	R1	experiments/probes/p5/p5_v6_differential_gate.json	true	false	false	ROUTE	TM_LEGAL_SHORT_DELAY|MC_LOW_SPEED_TRANSLATION	UNSUPPORTED_SUCCESSOR	ACCEPTED_RUNTIME_SEED	NONE	PASS
P5_T2_DYNAMIC	P5	experiments/probes/p5/scenario_matrix_adaptive.yaml	75a5217e0e0bfab232d03c30dcc22088aa16624d	4ae21a5e569d3d89c2f6366688cbacb3e93437c9	CURRENT	RUNTIME	Dynamic_External_Mode	DYNAMIC_EXTERNAL_MODE	INTERNAL_HOLD	completion_hold_straight	ModeBase_completion	P5_accepted_matched_cell_T2	TRAJECTORY	ALIVE	ACTIVE	INTERNAL_HOLD	INTERNAL_HOLD	external_mode_adapter	R1	experiments/probes/p5/p5_v6_differential_gate.json	true	false	true	ROUTE|SUCCESSOR	TM_COMPLETION_MANUAL_ORDER|MC_LOW_SPEED_TRANSLATION	UNSUPPORTED_SUCCESSOR	ACCEPTED_RUNTIME_SEED	NONE	PASS
P5_T3_OFFBOARD	P5	experiments/probes/p5/scenario_matrix_adaptive.yaml	75a5217e0e0bfab232d03c30dcc22088aa16624d	4ae21a5e569d3d89c2f6366688cbacb3e93437c9	CURRENT	RUNTIME	Legacy_Offboard	LEGACY_OFFBOARD	INTERNAL_LAND	completion_land_descent	public_Land_request	P5_accepted_matched_cell_T3	TRAJECTORY	ALIVE	ACTIVE	INTERNAL_LAND	INTERNAL_LAND	offboard_adapter	R1	experiments/probes/p5/p5_v6_differential_gate.json	true	false	false	ROUTE	MC_BOUNDED_DESCENT|TM_LEGAL_SHORT_DELAY	GROUND_CONTACT_BEFORE_CLEANUP	ACCEPTED_RUNTIME_SEED	NONE	PASS
P5_T3_DYNAMIC	P5	experiments/probes/p5/scenario_matrix_adaptive.yaml	75a5217e0e0bfab232d03c30dcc22088aa16624d	4ae21a5e569d3d89c2f6366688cbacb3e93437c9	CURRENT	RUNTIME	Dynamic_External_Mode	DYNAMIC_EXTERNAL_MODE	INTERNAL_LAND	completion_land_descent	ModeBase_completion_to_Land	P5_accepted_matched_cell_T3	TRAJECTORY	ALIVE	ACTIVE	INTERNAL_LAND	INTERNAL_LAND	external_mode_adapter	R1	experiments/probes/p5/p5_v6_differential_gate.json	true	false	true	ROUTE|SUCCESSOR	MC_BOUNDED_DESCENT|TM_LEGAL_SHORT_DELAY	GROUND_CONTACT_BEFORE_CLEANUP	ACCEPTED_RUNTIME_SEED	NONE	PASS
P5_T4_OFFBOARD	P5	experiments/probes/p5/scenario_matrix_adaptive.yaml	75a5217e0e0bfab232d03c30dcc22088aa16624d	4ae21a5e569d3d89c2f6366688cbacb3e93437c9	CURRENT	RUNTIME	Legacy_Offboard	LEGACY_OFFBOARD	INTERNAL_HOLD	graceful_shutdown_turn	SIGTERM_owned_producer	P5_accepted_matched_cell_T4	TRAJECTORY	STOPS	STOPS	NONE	INTERNAL_HOLD	offboard_adapter	R3	experiments/probes/p5/p5_v6_differential_gate.json	true	true	false	ROUTE|FRESHNESS	PF_PROCESS_SIGTERM|MC_BOUNDED_TURN	AGGRESSIVE_TURN	ACCEPTED_RUNTIME_SEED	NONE	PASS
P5_T4_DYNAMIC	P5	experiments/probes/p5/scenario_matrix_adaptive.yaml	75a5217e0e0bfab232d03c30dcc22088aa16624d	4ae21a5e569d3d89c2f6366688cbacb3e93437c9	CURRENT	RUNTIME	Dynamic_External_Mode	DYNAMIC_EXTERNAL_MODE	INTERNAL_HOLD	graceful_shutdown_turn	SIGTERM_owned_producer	P5_accepted_matched_cell_T4	TRAJECTORY	STOPS	STOPS	NONE	INTERNAL_HOLD	external_mode_adapter	R3	experiments/probes/p5/p5_v6_differential_gate.json	true	true	false	ROUTE|FRESHNESS	PF_PROCESS_SIGTERM|MC_BOUNDED_TURN	AGGRESSIVE_TURN	ACCEPTED_RUNTIME_SEED	NONE	PASS
P5_T5_OFFBOARD	P5	experiments/probes/p5/scenario_matrix_adaptive.yaml	75a5217e0e0bfab232d03c30dcc22088aa16624d	4ae21a5e569d3d89c2f6366688cbacb3e93437c9	CURRENT	RUNTIME	Legacy_Offboard	LEGACY_OFFBOARD	INTERNAL_HOLD	process_crash_hover	SIGKILL_owned_producer	P5_accepted_matched_cell_T5	TRAJECTORY	STOPS	STOPS	NONE	INTERNAL_HOLD	offboard_adapter	R3	experiments/probes/p5/p5_v6_differential_gate.json	true	true	false	ROUTE|FRESHNESS	PF_PROCESS_SIGKILL|TM_PROCESS_STOP_TIMING|MC_HOVER	PROCESS_RESTART	ACCEPTED_RUNTIME_SEED	NONE	PASS
P5_T5_DYNAMIC	P5	experiments/probes/p5/scenario_matrix_adaptive.yaml	75a5217e0e0bfab232d03c30dcc22088aa16624d	4ae21a5e569d3d89c2f6366688cbacb3e93437c9	CURRENT	RUNTIME	Dynamic_External_Mode	DYNAMIC_EXTERNAL_MODE	INTERNAL_HOLD	process_crash_hover	SIGKILL_owned_producer	P5_accepted_matched_cell_T5	TRAJECTORY	STOPS	STOPS	NONE	INTERNAL_HOLD	external_mode_adapter	R3	experiments/probes/p5/p5_v6_differential_gate.json	true	true	false	ROUTE|FRESHNESS	PF_PROCESS_SIGKILL|TM_PROCESS_STOP_TIMING|MC_HOVER	PROCESS_RESTART	ACCEPTED_RUNTIME_SEED	NONE	PASS
P5_T6_OFFBOARD	P5	experiments/probes/p5/scenario_matrix_adaptive.yaml	75a5217e0e0bfab232d03c30dcc22088aa16624d	4ae21a5e569d3d89c2f6366688cbacb3e93437c9	CURRENT	RUNTIME	Legacy_Offboard	LEGACY_OFFBOARD	INTERNAL_HOLD	process_pause_straight	SIGSTOP_SIGCONT_owned_producer	P5_accepted_matched_cell_T6	TRAJECTORY	PAUSED	PAUSED	NONE	INTERNAL_HOLD	offboard_adapter	R3	experiments/probes/p5/p5_v6_differential_gate.json	true	true	false	ROUTE|FRESHNESS	PF_PROCESS_PAUSE|MC_LOW_SPEED_TRANSLATION	UNBOUNDED_PAUSE	ACCEPTED_RUNTIME_SEED	NONE	PASS
P5_T6_DYNAMIC	P5	experiments/probes/p5/scenario_matrix_adaptive.yaml	75a5217e0e0bfab232d03c30dcc22088aa16624d	4ae21a5e569d3d89c2f6366688cbacb3e93437c9	CURRENT	RUNTIME	Dynamic_External_Mode	DYNAMIC_EXTERNAL_MODE	INTERNAL_HOLD	process_pause_straight	SIGSTOP_SIGCONT_owned_producer	P5_accepted_matched_cell_T6	TRAJECTORY	PAUSED	PAUSED	NONE	INTERNAL_HOLD	external_mode_adapter	R3	experiments/probes/p5/p5_v6_differential_gate.json	true	true	false	ROUTE|FRESHNESS	PF_PROCESS_PAUSE|MC_LOW_SPEED_TRANSLATION	UNBOUNDED_PAUSE	ACCEPTED_RUNTIME_SEED	NONE	PASS
P5_T7_OFFBOARD	P5	experiments/probes/p5/scenario_matrix_adaptive.yaml	75a5217e0e0bfab232d03c30dcc22088aa16624d	4ae21a5e569d3d89c2f6366688cbacb3e93437c9	CURRENT	RUNTIME	Legacy_Offboard	LEGACY_OFFBOARD	LEGACY_OFFBOARD	health_alive_setpoint_off_retained_turn	public_setpoint_stop	P5_accepted_retained_cell_T7	TRAJECTORY	ALIVE	STOPPED	NONE	NONE	offboard_adapter	R2	experiments/probes/p5/p5_v6_differential_gate.json	true	true	false	ROUTE|FRESHNESS	PF_HEALTH_ALIVE_SETPOINT_STOP|MC_BOUNDED_TURN	TRANSITION_CLAUSES_AS_PASS	ACCEPTED_RUNTIME_SEED	NONE	PASS
P5_T7_DYNAMIC	P5	experiments/probes/p5/scenario_matrix_adaptive.yaml	75a5217e0e0bfab232d03c30dcc22088aa16624d	4ae21a5e569d3d89c2f6366688cbacb3e93437c9	CURRENT	RUNTIME	Dynamic_External_Mode	DYNAMIC_EXTERNAL_MODE	DYNAMIC_EXTERNAL_MODE	health_alive_setpoint_off_retained_turn	public_setpoint_stop	P5_accepted_retained_cell_T7	TRAJECTORY	ALIVE	STOPPED	NONE	NONE	external_mode_adapter	R2	experiments/probes/p5/p5_v6_differential_gate.json	true	true	false	ROUTE|FRESHNESS	PF_HEALTH_ALIVE_SETPOINT_STOP|MC_BOUNDED_TURN	TRANSITION_CLAUSES_AS_PASS	ACCEPTED_RUNTIME_SEED	NONE	PASS
P5_T8_OFFBOARD	P5	experiments/probes/p5/scenario_matrix_adaptive.yaml	75a5217e0e0bfab232d03c30dcc22088aa16624d	4ae21a5e569d3d89c2f6366688cbacb3e93437c9	CURRENT	RUNTIME	Legacy_Offboard	LEGACY_OFFBOARD	INTERNAL_HOLD	health_off_setpoint_on_descent	public_heartbeat_stop	P5_accepted_matched_cell_T8	TRAJECTORY	OFF	ACTIVE	NONE	INTERNAL_HOLD	offboard_adapter	R2	experiments/probes/p5/p5_v6_differential_gate.json	true	true	false	ROUTE|FRESHNESS	PF_HEALTH_STOP_SETPOINT_CONTINUE|MC_BOUNDED_DESCENT	ARBITRARY_MESSAGE_INJECTION	ACCEPTED_RUNTIME_SEED	NONE	PASS
P5_T8_DYNAMIC	P5	experiments/probes/p5/scenario_matrix_adaptive.yaml	75a5217e0e0bfab232d03c30dcc22088aa16624d	4ae21a5e569d3d89c2f6366688cbacb3e93437c9	CURRENT	RUNTIME	Dynamic_External_Mode	DYNAMIC_EXTERNAL_MODE	INTERNAL_HOLD	health_off_setpoint_on_descent	public_health_stop	P5_accepted_matched_cell_T8	TRAJECTORY	OFF	ACTIVE	NONE	INTERNAL_HOLD	external_mode_adapter	R2	experiments/probes/p5/p5_v6_differential_gate.json	true	true	false	ROUTE|FRESHNESS	PF_HEALTH_STOP_SETPOINT_CONTINUE|MC_BOUNDED_DESCENT	DIRECT_HEALTH_STATE_WRITE	ACCEPTED_RUNTIME_SEED	NONE	PASS
P5_T9_OFFBOARD	P5	experiments/probes/p5/scenario_matrix_adaptive.yaml	75a5217e0e0bfab232d03c30dcc22088aa16624d	4ae21a5e569d3d89c2f6366688cbacb3e93437c9	CURRENT	RUNTIME	Legacy_Offboard	LEGACY_OFFBOARD	LEGACY_OFFBOARD	graceful_release_internal_clean_reentry	public_release_then_activation	P5_accepted_matched_cell_T9	TRAJECTORY	ALIVE	ACTIVE	NONE	INTERNAL_HOLD	offboard_adapter	R1	experiments/probes/p5/p5_v6_differential_gate.json	true	false	false	ROUTE	TM_EVENT_RELATIVE_TIMING|MC_HOVER	SESSION_ROLLOVER|DELAYED_PACKET	ACCEPTED_RUNTIME_SEED	NONE	PASS
P5_T9_DYNAMIC	P5	experiments/probes/p5/scenario_matrix_adaptive.yaml	75a5217e0e0bfab232d03c30dcc22088aa16624d	4ae21a5e569d3d89c2f6366688cbacb3e93437c9	CURRENT	RUNTIME	Dynamic_External_Mode	DYNAMIC_EXTERNAL_MODE	DYNAMIC_EXTERNAL_MODE	graceful_release_internal_clean_reentry	public_release_then_activation	P5_accepted_matched_cell_T9	TRAJECTORY	ALIVE	ACTIVE	NONE	INTERNAL_HOLD	external_mode_adapter	R1	experiments/probes/p5/p5_v6_differential_gate.json	true	false	false	ROUTE	TM_EVENT_RELATIVE_TIMING|MC_HOVER	SESSION_ROLLOVER|DELAYED_PACKET	ACCEPTED_RUNTIME_SEED	NONE	PASS
FRESHNESS_F1_TRAJECTORY_STOP	FRESHNESS	experiments/motivation/freshness/freshness_pilot_gate.json	955e7c98e3b29ddd21fa4d44fb562065700fa832	4ae21a5e569d3d89c2f6366688cbacb3e93437c9	CURRENT	RUNTIME	Dynamic_External_Mode	DYNAMIC_EXTERNAL_MODE	INTERNAL_RTL	trajectory_process_stop_fallback	SIGKILL_owned_probe	Freshness_F1_3_accepted	TRAJECTORY	STOPS	STOPS	NONE	INTERNAL_RTL	external_mode_adapter	R3	experiments/motivation/freshness/attempt_ledger.yaml	true	true	false	ROUTE|FRESHNESS	TM_PROCESS_STOP_TIMING|TM_LIFECYCLE_PHASE|MC_SETPOINT_LEVEL	STABLE_RATE_CLAIM	ACCEPTED_RUNTIME_SEED	NONE	PASS
FRESHNESS_F2_ATTITUDE_STOP	FRESHNESS	experiments/motivation/freshness/freshness_pilot_gate.json	955e7c98e3b29ddd21fa4d44fb562065700fa832	4ae21a5e569d3d89c2f6366688cbacb3e93437c9	CURRENT	RUNTIME	Dynamic_External_Mode	DYNAMIC_EXTERNAL_MODE	INTERNAL_RTL	attitude_process_stop_fallback	SIGKILL_owned_probe	Freshness_F2_1_accepted	ATTITUDE	STOPS	STOPS	NONE	INTERNAL_RTL	external_mode_adapter	R3	experiments/motivation/freshness/attempt_ledger.yaml	true	true	false	ROUTE|FRESHNESS	TM_PROCESS_STOP_TIMING|MC_SETPOINT_LEVEL	ASSUME_THREE_RUN_ESTIMATE	ACCEPTED_RUNTIME_SEED	NONE	PASS
FRESHNESS_F3_RATE_STOP	FRESHNESS	experiments/motivation/freshness/freshness_pilot_gate.json	955e7c98e3b29ddd21fa4d44fb562065700fa832	4ae21a5e569d3d89c2f6366688cbacb3e93437c9	CURRENT	RUNTIME	Dynamic_External_Mode	DYNAMIC_EXTERNAL_MODE	INTERNAL_RTL	body_rate_process_stop_fallback	SIGKILL_owned_probe	Freshness_F3_3_accepted	BODY_RATE	STOPS	STOPS	NONE	INTERNAL_RTL	external_mode_adapter	R3	experiments/motivation/freshness/attempt_ledger.yaml	true	true	false	ROUTE|FRESHNESS	TM_PROCESS_STOP_TIMING|MC_SETPOINT_LEVEL	EXPOSURE_AS_VIOLATION	ACCEPTED_RUNTIME_SEED	NONE	PASS
FRESHNESS_F4_RATE_STALL	FRESHNESS	experiments/motivation/freshness/freshness_pilot_gate.json	955e7c98e3b29ddd21fa4d44fb562065700fa832	4ae21a5e569d3d89c2f6366688cbacb3e93437c9	CURRENT	RUNTIME	Dynamic_External_Mode	DYNAMIC_EXTERNAL_MODE	DYNAMIC_EXTERNAL_MODE	body_rate_setpoint_stall_health_alive	public_setpoint_channel_stall	Freshness_F4_3_accepted	BODY_RATE	ALIVE	STOPPED	NONE	NONE	external_mode_adapter	R2	experiments/motivation/freshness/attempt_ledger.yaml	true	true	false	ROUTE|FRESHNESS	PF_CALLBACK_SETPOINT_STALL|MC_SETPOINT_LEVEL	UNBOUNDED_STALL|EXPOSURE_AS_VIOLATION	ACCEPTED_RUNTIME_SEED	NONE	PASS
N1_PHASE_A	N1	experiments/motivation/n1_trajectory_residue/matrix.yaml	fd9b93fb0d2f50554d6f52d19ac3cd573d7ae2f9	4ae21a5e569d3d89c2f6366688cbacb3e93437c9	CURRENT	RUNTIME	Dynamic_External_Mode	DYNAMIC_EXTERNAL_MODE	INTERNAL_RTL	process_stop_30ms_after_health_reply	SIGKILL_owned_probe	N1_A_2_accepted	TRAJECTORY	STOPS	STOPS	NONE	INTERNAL_RTL	external_mode_adapter	R3	data/processed/motivation/n1_trajectory_residue/n1_adjudication.json	true	true	false	ROUTE|FRESHNESS	TM_LIFECYCLE_PHASE|TM_PROCESS_STOP_TIMING|MC_TRAJECTORY_PHASE	SESSION_ROLLOVER	ACCEPTED_RUNTIME_SEED	NONE	PASS
N1_PHASE_B	N1	experiments/motivation/n1_trajectory_residue/matrix.yaml	fd9b93fb0d2f50554d6f52d19ac3cd573d7ae2f9	4ae21a5e569d3d89c2f6366688cbacb3e93437c9	CURRENT	RUNTIME	Dynamic_External_Mode	DYNAMIC_EXTERNAL_MODE	INTERNAL_RTL	process_stop_150ms_after_health_reply	SIGKILL_owned_probe	N1_B_3_accepted	TRAJECTORY	STOPS	STOPS	NONE	INTERNAL_RTL	external_mode_adapter	R3	data/processed/motivation/n1_trajectory_residue/n1_adjudication.json	true	true	false	ROUTE|FRESHNESS	TM_LIFECYCLE_PHASE|TM_PROCESS_STOP_TIMING|MC_TRAJECTORY_PHASE	SESSION_ROLLOVER	ACCEPTED_RUNTIME_SEED	NONE	PASS
N1_PHASE_C	N1	experiments/motivation/n1_trajectory_residue/matrix.yaml	fd9b93fb0d2f50554d6f52d19ac3cd573d7ae2f9	4ae21a5e569d3d89c2f6366688cbacb3e93437c9	CURRENT	RUNTIME	Dynamic_External_Mode	DYNAMIC_EXTERNAL_MODE	INTERNAL_RTL	process_stop_260ms_after_health_reply	SIGKILL_owned_probe	N1_C_3_accepted	TRAJECTORY	STOPS	STOPS	NONE	INTERNAL_RTL	external_mode_adapter	R3	data/processed/motivation/n1_trajectory_residue/n1_adjudication.json	true	true	false	ROUTE|FRESHNESS	TM_LIFECYCLE_PHASE|TM_PROCESS_STOP_TIMING|MC_TRAJECTORY_PHASE	STABLE_REPRODUCTION_ASSUMPTION	ACCEPTED_RUNTIME_SEED	NONE	PASS
C1_PAIR_A	C1	experiments/motivation/c1_concurrency/matrix.yaml	b24cfb4fb18c175856f2d01991c8d498f1d2710f	4ae21a5e569d3d89c2f6366688cbacb3e93437c9	CURRENT	RUNTIME	Dynamic_External_Mode	PX4_INTERNAL_HOLD	DYNAMIC_EXTERNAL_MODE_or_INTERNAL_HOLD	external_activation_vs_GCS_Hold	public_external_activation_and_GCS_Hold	C1_A_A_FIRST_and_B_FIRST_accepted	TRAJECTORY	ALIVE	ACTIVE	NONE	INTERNAL_HOLD	external_mode_adapter	R2	experiments/motivation/c1_concurrency/c1_gate.json	true	false	false	ROUTE	EO_ACTIVATION_VS_GCS_REQUEST|TM_EVENT_RELATIVE_TIMING	A_NEAR_AS_ACCEPTED|THIRD_EVENT	ACCEPTED_RUNTIME_SEED	NONE	PASS
C1_PAIR_B	C1	experiments/motivation/c1_concurrency/matrix.yaml	b24cfb4fb18c175856f2d01991c8d498f1d2710f	4ae21a5e569d3d89c2f6366688cbacb3e93437c9	CURRENT	RUNTIME	Dynamic_External_Mode	DYNAMIC_EXTERNAL_MODE	INTERNAL_HOLD	external_completion_vs_manual_Hold	ModeBase_completion_and_GCS_Hold	C1_B_all_orders_accepted	TRAJECTORY	ALIVE	ACTIVE	INTERNAL_HOLD	INTERNAL_HOLD	external_mode_adapter	R2	experiments/motivation/c1_concurrency/c1_gate.json	true	false	true	ROUTE|SUCCESSOR	EO_COMPLETION_VS_MANUAL_TAKEOVER|TM_COMPLETION_MANUAL_ORDER	THIRD_EVENT	ACCEPTED_RUNTIME_SEED	NONE	PASS
C1_PAIR_C	C1	experiments/motivation/c1_concurrency/matrix.yaml	b24cfb4fb18c175856f2d01991c8d498f1d2710f	4ae21a5e569d3d89c2f6366688cbacb3e93437c9	CURRENT	RUNTIME	Dynamic_External_Mode	DYNAMIC_EXTERNAL_MODE	INTERNAL_RTL	process_loss_vs_GCS_RTL	SIGKILL_owned_probe_and_GCS_RTL	C1_C_all_orders_accepted	TRAJECTORY	STOPS	STOPS	NONE	INTERNAL_RTL	external_mode_adapter	R3	experiments/motivation/c1_concurrency/c1_gate.json	true	true	false	ROUTE|FRESHNESS	EO_PROCESS_LOSS_VS_GCS_REQUEST|TM_EVENT_RELATIVE_TIMING	THIRD_EVENT|PROCESS_RESTART	ACCEPTED_RUNTIME_SEED	NONE	PASS
C1_PAIR_D	C1	experiments/motivation/c1_concurrency/matrix.yaml	b24cfb4fb18c175856f2d01991c8d498f1d2710f	4ae21a5e569d3d89c2f6366688cbacb3e93437c9	CURRENT	RUNTIME	Dynamic_External_Mode	DYNAMIC_EXTERNAL_MODE	DYNAMIC_EXTERNAL_MODE_or_INTERNAL_RTL	fallback_installation_vs_clean_reentry	public_health_pause_and_activation	C1_D_all_orders_accepted	TRAJECTORY	PAUSED_THEN_ALIVE	PAUSED_THEN_ACTIVE	NONE	INTERNAL_RTL	external_mode_adapter	R2	experiments/motivation/c1_concurrency/c1_gate.json	true	true	false	ROUTE|FRESHNESS	EO_FALLBACK_VS_BOUNDED_REENTRY|TM_FALLBACK_CLEAR_ORDER	SESSION_ROLLOVER|OLD_PACKET	ACCEPTED_RUNTIME_SEED	NONE	PASS
C1_PAIR_E	C1	experiments/motivation/c1_concurrency/matrix.yaml	b24cfb4fb18c175856f2d01991c8d498f1d2710f	4ae21a5e569d3d89c2f6366688cbacb3e93437c9	CURRENT	RUNTIME	Dynamic_External_Mode	INTERNAL_RTL	INTERNAL_RTL	release_vs_failsafe_clear	SIGTERM_owned_probe_and_health_resume	C1_E_all_orders_accepted	TRAJECTORY	RESUMES	STOPPED	NONE	INTERNAL_RTL	external_mode_adapter	R3	experiments/motivation/c1_concurrency/c1_gate.json	true	true	false	ROUTE|FRESHNESS	EO_RELEASE_VS_FAILSAFE_CLEAR|TM_FALLBACK_CLEAR_ORDER	DIRECT_FAILSAFE_WRITE|THIRD_EVENT	ACCEPTED_RUNTIME_SEED	NONE	PASS
ISSUE162_HISTORICAL_REPLAY	ISSUE162	data/processed/motivation/successor/historical	c62452cf020f2851040fc9fa8a9611575d892e3d	PX4_6ea3539157ca358c70a515878b77077af7d4611d_INTERFACE_a5b9f3cb7cb65d2be80183bad31e9a7ce9f02684	HISTORICAL	REPLAY_ONLY	External_Mode_Replacement_Mode_Executor	HISTORICAL_EXTERNAL_RTL	NO_SUCCESSOR	completion_without_owner_progression	frozen_processed_artifact_replay	Issue162_3_of_3_accepted_historical_reproductions	TRAJECTORY	ALIVE	ACTIVE	INTERNAL_LAND	INTERNAL_RTL	offline_Oracle_replay	R1	docs/motivation/EXTERNAL_RTL_SUCCESSOR_CASE_REPORT.md	false	false	true	SUCCESSOR	NONE	CURRENT_RUNTIME|CONSTRUCTOR_GUARD_BYPASS|MUTATION	ACCEPTED_REPLAY_BENCHMARK	NONE	PASS_WITH_NONBLOCKING_STRUCTURE_FINDING
ISSUE162_BASELINE_CONTROL	ISSUE162	experiments/motivation/successor/baseline_attempt_ledger.yaml	c62452cf020f2851040fc9fa8a9611575d892e3d	4ae21a5e569d3d89c2f6366688cbacb3e93437c9	CURRENT	RUNTIME	Mode_Executor	NONREPLACEMENT_EXTERNAL_MODE	INTERNAL_LAND	completion_successor_land	ModeBase_completed_success	Issue162_baseline_3_accepted	TRAJECTORY	ALIVE	ACTIVE	INTERNAL_LAND	INTERNAL_LAND	external_mode_adapter	R1	docs/motivation/EXTERNAL_RTL_SUCCESSOR_CASE_REPORT.md	true	false	true	ROUTE|SUCCESSOR	NONE	CURRENT_NATURAL_SEED_PROMOTION	EXCLUDED	ISSUE162_IS_RESERVED_FOR_HISTORICAL_REPLAY_BENCHMARK_ONLY	PASS
ISSUE162_CURRENT_CONSTRUCTOR_GUARD	ISSUE162	experiments/motivation/successor/current_replay_attempt_ledger.yaml	c62452cf020f2851040fc9fa8a9611575d892e3d	4ae21a5e569d3d89c2f6366688cbacb3e93437c9_INTERFACE_c3e410f035806e8c56246708432ded09c976434b	CURRENT	STATIC_ONLY	External_Mode_Replacement_Mode_Executor	NO_RUNTIME_ROUTE	NO_RUNTIME_ROUTE	constructor_rejects_unsupported_composition	current_constructor_guard	Issue162_current_prevention	NOT_APPLICABLE	NOT_APPLICABLE	NOT_APPLICABLE	NOT_APPLICABLE	NOT_APPLICABLE	constructor_only	R1	docs/motivation/EXTERNAL_RTL_SUCCESSOR_CASE_REPORT.md	false	false	false	NONE	NONE	BYPASS_CONSTRUCTOR_GUARD	EXCLUDED	CURRENT_LIBRARY_PREVENTS_COMPOSITION_BEFORE_REGISTRATION	PASS
ISSUE162_REDUCED_CONFIRMATION	ISSUE162	data/processed/motivation/successor/historical/successor_historical_reduced_seed16218_r1	c62452cf020f2851040fc9fa8a9611575d892e3d	PX4_6ea3539157ca358c70a515878b77077af7d4611d_INTERFACE_a5b9f3cb7cb65d2be80183bad31e9a7ce9f02684	HISTORICAL	REPLAY_ONLY	External_Mode_Replacement_Mode_Executor	HISTORICAL_EXTERNAL_RTL	NO_SUCCESSOR	reduced_observation_confirmation	frozen_processed_artifact_replay	Issue162_1_accepted_reduced_confirmation	TRAJECTORY	ALIVE	ACTIVE	INTERNAL_LAND	INTERNAL_RTL	offline_Oracle_replay	R1	docs/motivation/EXTERNAL_RTL_SUCCESSOR_CASE_REPORT.md	false	false	true	SUCCESSOR	NONE	COUNT_AS_NEW_FINDING|CURRENT_RUNTIME	EXCLUDED	DUPLICATE_CONFIRMATION_NOT_INDEPENDENT_BENCHMARK_SEED	PASS
N1_REDUCED_OBSERVATION	N1	data/processed/motivation/n1_trajectory_residue/n1_adjudication.json	fd9b93fb0d2f50554d6f52d19ac3cd573d7ae2f9	4ae21a5e569d3d89c2f6366688cbacb3e93437c9	CURRENT	RUNTIME	Dynamic_External_Mode	DYNAMIC_EXTERNAL_MODE	INTERNAL_RTL	reduced_logger_phase_C	SIGKILL_owned_probe	N1_reduced_1_accepted_PASS	TRAJECTORY	STOPS	STOPS	NONE	INTERNAL_RTL	reduced_observation_adapter	R3	docs/motivation/N1_TRAJECTORY_RESIDUE_REPORT.md	true	true	false	ROUTE|FRESHNESS	NONE	USE_AS_COMPLETE_SEARCH_EVIDENCE	EXCLUDED	REDUCED_OBSERVATION_PROFILE_NOT_FORMAL_SEARCH_EVIDENCE	PASS
R1_SESSION_ROLLOVER	R1	experiments/motivation/r1_session/r1_gate.json	6f5abd682cca47b9e8febdbdcfb8ea0a9714e236	4ae21a5e569d3d89c2f6366688cbacb3e93437c9	CURRENT	RUNTIME	Dynamic_External_Mode	OLD_EXTERNAL_SESSION	NEW_EXTERNAL_SESSION	rapid_reentry_session_rollover	R1_local_process_restart	R1_0_accepted_6_safety_stops	TRAJECTORY	UNKNOWN	UNKNOWN	NONE	INTERNAL_RTL	r1_session_adapter	R3	docs/motivation/R1_SESSION_ROLLOVER_REPORT.md	false	false	false	NONE	NONE	ALL_RUNTIME_MUTATIONS	EXCLUDED	R1_HAS_ZERO_ACCEPTED_WINDOWS_AND_SCOPE_IS_UNAUTHORIZED	PASS
W1_AEROSTACK2_RUNTIME	W1	experiments/motivation/w1_workload/w1_gate.json	e7b28518bdd3afc58696878bf1c0f2b39fd8e218	4ae21a5e569d3d89c2f6366688cbacb3e93437c9	CURRENT	RUNTIME	Aerostack2	W1_TASK_ROUTE	UNKNOWN	workload_source_trace	public_workload_task	W1_0_accepted_source_traces	TRAJECTORY	UNKNOWN	UNKNOWN	UNKNOWN	UNKNOWN	Aerostack2_Native_Adapter	R2	docs/motivation/W1_REAL_WORKLOAD_SPIKE_REPORT.md	false	false	false	NONE	NONE	ALL_RUNTIME_MUTATIONS	EXCLUDED	NO_ACCEPTED_SOURCE_TRACE_AND_REAL_WORKLOAD_SCOPE_UNAUTHORIZED	PASS
B1_REGISTERED_CONTROLLER	B1	experiments/motivation/b1_family_b/b1_gate.json	3665337673e7e0a62ea204ac64f5644b8e428c25	4ae21a5e569d3d89c2f6366688cbacb3e93437c9	CURRENT	RUNTIME	Family_B_registered_controller	CLASSICAL_CASCADE	REGISTERED_CONTROLLER	controller_graph_replacement	registered_controller_activation	B1_0_accepted_combined_builds	DIRECT_ACTUATOR	UNKNOWN	UNKNOWN	CLASSICAL_FALLBACK	CLASSICAL_FALLBACK	B1_reference_controller	R2	docs/motivation/B1_FAMILY_B_GATE_REPORT.md	false	false	false	NONE	NONE	ALL_RUNTIME_MUTATIONS	EXCLUDED	FAMILY_B_AND_DIRECT_ACTUATOR_OUTSIDE_AUTHORIZED_SCOPE	PASS
ORACLE_MUTANT_INSTALL_DELAY	ORACLE_VALIDATION	experiments/fuzzer_v0/seed_manifest.yaml	c2422abd6e7c82c4d784fa4f1f50c6d941972c84	ORACLE_VALIDATION_MUTANT_NOT_CANONICAL_SUT	CURRENT	VALIDATION_ONLY	Dynamic_External_Mode	DYNAMIC_EXTERNAL_MODE	MUTATED_TARGET	install_delay_500ms	validation_patch	Oracle_readiness_only	TRAJECTORY	ALIVE	ACTIVE	NONE	INTERNAL_HOLD	oracle_validation_mutant	R3	experiments/gates/oracle_validation_gate.json	true	false	false	ROUTE	NONE	DISCOVERY_RUNTIME	EXCLUDED	TEST_ONLY_LIVE_MUTANT_NOT_ACCEPTED_SOURCE_EVIDENCE	PASS
ORACLE_MUTANT_RECOVERY_INCOMPLETE	ORACLE_VALIDATION	experiments/fuzzer_v0/seed_manifest.yaml	c2422abd6e7c82c4d784fa4f1f50c6d941972c84	ORACLE_VALIDATION_MUTANT_NOT_CANONICAL_SUT	CURRENT	VALIDATION_ONLY	Dynamic_External_Mode	DYNAMIC_EXTERNAL_MODE	MUTATED_FALLBACK	recovery_incomplete	validation_patch	Oracle_readiness_only	TRAJECTORY	STOPS	STOPS	NONE	INTERNAL_HOLD	oracle_validation_mutant	R3	experiments/gates/oracle_validation_gate.json	true	false	false	ROUTE	NONE	DISCOVERY_RUNTIME	EXCLUDED	TEST_ONLY_LIVE_MUTANT_NOT_ACCEPTED_SOURCE_EVIDENCE	PASS
ORACLE_MUTANT_OLD_ROUTE_LATE	ORACLE_VALIDATION	experiments/fuzzer_v0/seed_manifest.yaml	c2422abd6e7c82c4d784fa4f1f50c6d941972c84	ORACLE_VALIDATION_MUTANT_NOT_CANONICAL_SUT	CURRENT	VALIDATION_ONLY	Legacy_Offboard	LEGACY_OFFBOARD	MUTATED_FALLBACK	old_route_late_consumption	validation_patch	Oracle_readiness_only	TRAJECTORY	STOPS	STOPS	NONE	INTERNAL_HOLD	oracle_validation_mutant	R3	experiments/gates/oracle_validation_gate.json	true	false	false	ROUTE	NONE	DISCOVERY_RUNTIME	EXCLUDED	TEST_ONLY_LIVE_MUTANT_NOT_ACCEPTED_SOURCE_EVIDENCE	PASS
